decimal_longitude,decimal_latitude,gbif_id,taxon_name
-4.1453,31.5783,1936218302,Randonia_africana
-4.36556,31.4625,1701546935,Randonia_africana
-5.6,30.233333,2289693771,Randonia_africana
2.83333,29.83333,1261330081,Randonia_africana
6.566667,28.666667,2291858538,Randonia_africana
15.66667,29.36667,1657200207,Randonia_africana
15.33333,31.16667,1657202112,Randonia_africana
-4.31,31.31,1842904765,Randonia_africana
