gbif_id,taxon_name,decimal_latitude,decimal_longitude
1697315280,Carex_enervis,51.551993,105.122495
1230540805,Carex_enervis,50.05587,88.70888
203616202,Carex_enervis,50.091667,88.899162
1697322062,Carex_enervis,47.733333,102.683333
1697321981,Carex_enervis,47.216667,101.85
1801059976,Carex_enervis,54.633889,100.530833
615289031,Carex_enervis,31.65,100.32
1056547781,Carex_enervis,33.2975,100.431944
1056009451,Carex_enervis,34.560278,99.521389
1697321924,Carex_enervis,46.438448,104.577484
1697190832,Carex_enervis,51.9453,91.3553
1697321945,Carex_enervis,46.666667,119.25
1697190693,Carex_enervis,53.974306,121.942213
1697190782,Carex_enervis,53.967828,121.935247
1030911178,Carex_enervis,32.790891,102.544402
1697190815,Carex_enervis,52.058296,93.598623
1030911142,Carex_enervis,29.000343,101.507299
1697190814,Carex_enervis,51.93,93.22
1697190797,Carex_enervis,53.249912,90.785437
1697190718,Carex_enervis,56.41008,95.45421
1697190788,Carex_enervis,49.832231,129.936489
1988108893,Carex_enervis,49.45,-110.82
1988211217,Carex_enervis,50.45,-104.62
1697190780,Carex_enervis,61.99889,129.596787
1697190817,Carex_enervis,61.963185,129.64484
1697190838,Carex_enervis,61.993812,129.656181
1697190785,Carex_enervis,61.988194,129.70462
1697190754,Carex_enervis,61.874605,129.819946
1697190828,Carex_enervis,56.09519,92.4625
2311266037,Carex_enervis,39.933333,71.583333
