gbif_id,taxon_name,decimal_latitude,decimal_longitude
2268893025,Lipocarpha_mexicana,13.575583,-84.323778
2268945629,Lipocarpha_mexicana,13.708083,-86.442528
1257908314,Lipocarpha_mexicana,13.710472,-86.366306
1257781591,Lipocarpha_mexicana,-24.677222,47.193889
1894618476,Lipocarpha_mexicana,19.153556,-88.186083
1894618506,Lipocarpha_mexicana,19.736306,-88.07275
1894618459,Lipocarpha_mexicana,19.606639,-87.995417
1258363807,Lipocarpha_mexicana,-16.583333,-61.866667
1257794502,Lipocarpha_mexicana,-22.066667,46.383333
1212482420,Lipocarpha_mexicana,-22.966667,46.133333
1261870720,Lipocarpha_mexicana,-17.433333,-63.65
1894534302,Lipocarpha_mexicana,22.975,-104.441667
1258992684,Lipocarpha_mexicana,15.116667,-85.514444
1258989216,Lipocarpha_mexicana,14.033056,-87.126389
1260029234,Lipocarpha_mexicana,-17.56666,-63.25
1893635420,Lipocarpha_mexicana,17.53,-101.068333
1893635422,Lipocarpha_mexicana,17.296111,-99.487778
1260086907,Lipocarpha_mexicana,10.794444,-83.591667
1260469418,Lipocarpha_mexicana,6.16666,-67.33333
1095291222,Lipocarpha_mexicana,-6.066667,-38.15
1258989275,Lipocarpha_mexicana,14.129722,-87.164444
1419196316,Lipocarpha_mexicana,23.974444,-104.436667
1893635418,Lipocarpha_mexicana,22.96,-104.631667
1257958562,Lipocarpha_mexicana,16.966667,-99.816667
1258989245,Lipocarpha_mexicana,17.593333,-92.028056
1260084992,Lipocarpha_mexicana,14.867222,-87.713333
1258334700,Lipocarpha_mexicana,14.308333,-83.2125
1258989263,Lipocarpha_mexicana,15.26666,-83.76666
1257958590,Lipocarpha_mexicana,15.266667,-83.766667
1258336443,Lipocarpha_mexicana,14.02777,-83.38333
1259079304,Lipocarpha_mexicana,6.516667,-67.75
1259180175,Lipocarpha_mexicana,13.366667,-83.566667
1989167871,Lipocarpha_mexicana,16.8941,-92.4871
1260468961,Lipocarpha_mexicana,-22.183333,-47.116667
1675869549,Lipocarpha_mexicana,-22.242,-47.142
1675980584,Lipocarpha_mexicana,4.275,-72.692
1257958567,Lipocarpha_mexicana,8.366667,-80.25
