gbif_id,taxon_name,decimal_latitude,decimal_longitude
1318299597,Machaerina_mariscoides,21.9255,-159.4
1929395364,Machaerina_mariscoides,21.42,-157.93
1456158615,Machaerina_mariscoides,-9.4086,-140.072
1929118808,Machaerina_mariscoides,21.36367,-157.77967
1090324735,Machaerina_mariscoides,-1.1,134.033
2291346206,Machaerina_mariscoides,-1.1,134.033333
1090349578,Machaerina_mariscoides,-16.7167,-151.017
1675963555,Machaerina_mariscoides,-16.72,-151.02
1090203302,Machaerina_mariscoides,-16.6167,-151.517
1319593489,Machaerina_mariscoides,-16.87,-151.43
1090358065,Machaerina_mariscoides,-16.8667,-151.433
1456323541,Machaerina_mariscoides,-10.48,-138.65
37497552,Machaerina_mariscoides,-10.4833,-138.65
37498163,Machaerina_mariscoides,20.81493,-156.86909
1931363634,Machaerina_mariscoides,-12.33,-39.28
1455939340,Machaerina_mariscoides,-8.87,-140.17
36027220,Machaerina_mariscoides,22.2,-159.6
37498635,Machaerina_mariscoides,19.0667,-155.633
1318514540,Machaerina_mariscoides,19.53,-154.85
37498610,Machaerina_mariscoides,19.5333,-154.85
2287805437,Machaerina_mariscoides,-7.333333,147.166667
37498599,Machaerina_mariscoides,19.6,-155.117
1090313345,Machaerina_mariscoides,-7.41667,147.167
2287807301,Machaerina_mariscoides,-7.416667,147.166667
2287806206,Machaerina_mariscoides,-4.933333,151.433333
2287807453,Machaerina_mariscoides,-7.5,147.25
2287805610,Machaerina_mariscoides,-6.2,146.033333
1988092851,Machaerina_mariscoides,19.6,-155.1
1897829523,Machaerina_mariscoides,-17.553583,-149.586806
37497750,Machaerina_mariscoides,21.1833,-157.467
2287807468,Machaerina_mariscoides,-6.416667,146.1
1988105488,Machaerina_mariscoides,21.7,-158
37498396,Machaerina_mariscoides,21.6,-157.9
2287804574,Machaerina_mariscoides,-10.633333,152.816667
37497484,Machaerina_mariscoides,21.4667,-157.883
1897831896,Machaerina_mariscoides,21.679278,-157.953472
