gbif_id,taxon_name,decimal_latitude,decimal_longitude
1318802626,Hedyotis_terminalis,22.1886,-159.585
1090243221,Hedyotis_terminalis,22.1283,-159.442
1260875484,Hedyotis_terminalis,22.1475,-159.63138
1090243079,Hedyotis_terminalis,21.1174,-156.919
1988198210,Hedyotis_terminalis,21.98,-159.51
1319294002,Hedyotis_terminalis,21.98,-159.506
1090360111,Hedyotis_terminalis,28.1417,-159.623
1319744646,Hedyotis_terminalis,22.1442,-159.623
1321964734,Hedyotis_terminalis,22.1506,-159.645
1090290273,Hedyotis_terminalis,22.1122,-159.588
37087943,Hedyotis_terminalis,20.7353,-156.012
37087015,Hedyotis_terminalis,20.9667,-36.5
37089718,Hedyotis_terminalis,19.6,-155.117
37093348,Hedyotis_terminalis,22.2,-159.633
1929655537,Hedyotis_terminalis,19.6917,-155.3333
37091604,Hedyotis_terminalis,22.1167,-159.55
37086749,Hedyotis_terminalis,20.0333,-155.667
37087232,Hedyotis_terminalis,22.05,-159.483
37092812,Hedyotis_terminalis,21.1,-156.9
37091623,Hedyotis_terminalis,21.1167,-156.883
37091819,Hedyotis_terminalis,19.5333,-155.317
37087691,Hedyotis_terminalis,19.6333,-155.317
37088608,Hedyotis_terminalis,19.8,-155.65
37091767,Hedyotis_terminalis,19.2833,-155.5
37088308,Hedyotis_terminalis,20.05,-155.617
37091299,Hedyotis_terminalis,19.5,-155.317
37087399,Hedyotis_terminalis,19.4833,-155.35
37092204,Hedyotis_terminalis,22.1833,-159.583
37091564,Hedyotis_terminalis,19.0667,-155.633
37091161,Hedyotis_terminalis,19.4833,-155.3
37088289,Hedyotis_terminalis,19.5667,-155.167
37087101,Hedyotis_terminalis,22.1333,-159.7
1322860846,Hedyotis_terminalis,21.4694,-158.096
1988165735,Hedyotis_terminalis,19.4,-155.2
37091229,Hedyotis_terminalis,22.08,-159.337
37091654,Hedyotis_terminalis,21.5167,-157.933
37087119,Hedyotis_terminalis,21.35,-157.817
37091432,Hedyotis_terminalis,21.3167,-157.767
37091586,Hedyotis_terminalis,21.5667,-157.917
37092245,Hedyotis_terminalis,20.5,-156.15
37092212,Hedyotis_terminalis,21.08,-156.56
37090990,Hedyotis_terminalis,21.4667,-158.083
37091355,Hedyotis_terminalis,21.4,-158.1
37092750,Hedyotis_terminalis,21,-156
1144691776,Hedyotis_terminalis,19.69,-155.53
37092659,Hedyotis_terminalis,21,-158
37087872,Hedyotis_terminalis,21.4,-157.9
1848907008,Hedyotis_terminalis,38,-98
36986009,Hedyotis_terminalis,22.0167,-159.617
2290441371,Hedyotis_terminalis,20.77,-155.99417
1228576641,Hedyotis_terminalis,19.5,-155.5
1055788619,Hedyotis_terminalis,21.47,-157.49
