gbif_id,taxon_name,decimal_latitude,decimal_longitude
1265270770,Rubia_agostinhoi,36.83,-4.822
1099344239,Rubia_agostinhoi,36.565,-5.017
1099344238,Rubia_agostinhoi,36.829,-4.833
1099345371,Rubia_agostinhoi,36.618356,-4.777709
781077611,Rubia_agostinhoi,36.371,-5.28
781077617,Rubia_agostinhoi,36.61271,-5.00689
415623181,Rubia_agostinhoi,36.479,-5.272
415623142,Rubia_agostinhoi,36.615,-4.739
415623141,Rubia_agostinhoi,36.776,-4.799
415623151,Rubia_agostinhoi,36.4734,-5.2775
415623143,Rubia_agostinhoi,36.63,-4.73
415623144,Rubia_agostinhoi,36.614,-4.772
415623119,Rubia_agostinhoi,36.578,-4.738
415623120,Rubia_agostinhoi,36.587,-4.761
199500584,Rubia_agostinhoi,36.602,-4.962
199500589,Rubia_agostinhoi,36.59,-5.118
199500613,Rubia_agostinhoi,36.567,-4.894
199500586,Rubia_agostinhoi,36.542,-4.76
127206204,Rubia_agostinhoi,36.580002,-4.68
199500372,Rubia_agostinhoi,36.62,-4.974
199500381,Rubia_agostinhoi,36.517,-5.161
199500104,Rubia_agostinhoi,36.594,-4.873
199500105,Rubia_agostinhoi,36.524,-4.77
199500237,Rubia_agostinhoi,36.498,-4.725
199499935,Rubia_agostinhoi,36.63549,-4.90721
199499884,Rubia_agostinhoi,36.51,-5.518
199499855,Rubia_agostinhoi,36.63,-4.62
199499894,Rubia_agostinhoi,36.53,-5.18
199499797,Rubia_agostinhoi,36.58212,-4.88425
199500212,Rubia_agostinhoi,36.44,-5.18
