gbif_id,taxon_name,decimal_latitude,decimal_longitude
1258157323,Asteropeia_micraster,-24.944167,47.001944
1257812725,Asteropeia_micraster,-24.773056,47.151667
1257916626,Asteropeia_micraster,-24.856389,47.12
1257699034,Asteropeia_micraster,-24.495833,47.097778
1257661520,Asteropeia_micraster,-24.582222,47.150278
1260917167,Asteropeia_micraster,-24.56166,47.20055
1260353869,Asteropeia_micraster,-23.180278,47.690833
730739813,Asteropeia_micraster,-24.92278,47.02444
1260922157,Asteropeia_micraster,-24.922778,47.024445
1259438629,Asteropeia_micraster,-24.94166,47.01333
1260849153,Asteropeia_micraster,-23.183333,47.683333
1259439176,Asteropeia_micraster,-23.185,47.691944
2288833353,Asteropeia_micraster,-23.180278,47.703056
1260918702,Asteropeia_micraster,-24.93555,47.02861
1258830290,Asteropeia_micraster,-23.172222,47.701111
1258830431,Asteropeia_micraster,-23.18083,47.70805
1260923697,Asteropeia_micraster,-24.94027,47.01166
1258791550,Asteropeia_micraster,-23.18027,47.70305
1258939220,Asteropeia_micraster,-24.95333,47.00083
1258733340,Asteropeia_micraster,-24.93638,47.02861
1258733858,Asteropeia_micraster,-24.9525,47.00166
2289932514,Asteropeia_micraster,-24.935278,47.028333
1258791208,Asteropeia_micraster,-24.93527,47.02833
1258578273,Asteropeia_micraster,-24.95222,47.00305
437121241,Asteropeia_micraster,-24.95222,47.00306
1930974389,Asteropeia_micraster,-24.95,47.03
438119330,Asteropeia_micraster,-24.95,47.03333
1258404698,Asteropeia_micraster,-24.93333,47.08333
437121243,Asteropeia_micraster,-24.90833,47.04167
1258405280,Asteropeia_micraster,-23.58333,47.41666
1258460568,Asteropeia_micraster,-24.95,46.99166
1258350676,Asteropeia_micraster,-24.93333,46.95
