gbif_id,taxon_name,decimal_latitude,decimal_longitude
1090366599,Clermontia_kakeana,20.8286,-156.219
1090279706,Clermontia_kakeana,20.9336,-156.613
36055838,Clermontia_kakeana,20.9333,-156.617
1928754038,Clermontia_kakeana,20.93442,-156.614217
36053384,Clermontia_kakeana,21.1333,-156.917
1322432341,Clermontia_kakeana,20.8697,-156.611
36053153,Clermontia_kakeana,20.8833,-156.2
1988233876,Clermontia_kakeana,21.3,-157.8
