gbif_id,taxon_name,decimal_latitude,decimal_longitude
1799012994,Rosa_persica,41.280833,71.343889
1231087400,Rosa_persica,37.42083,47.715
575292953,Rosa_persica,36.166667,55.833333
