decimal_longitude,decimal_latitude,gbif_id,taxon_name
71.343889,41.280833,1799012994,Rosa_persica
-104.962197,39.732042,2242413379,Rosa_persica
47.715,37.42083,1231087400,Rosa_persica
55.833333,36.166667,575292953,Rosa_persica
