gbif_id,taxon_name,decimal_latitude,decimal_longitude
1697262596,Rosa_maximowicziana,43.13127,134.03936
1697262639,Rosa_maximowicziana,43.151187,131.64495
1697262649,Rosa_maximowicziana,42.797044,131.253315
1697262630,Rosa_maximowicziana,42.787435,131.276786
1697262635,Rosa_maximowicziana,43.142981,133.14736
2200587598,Rosa_maximowicziana,37.445215,126.964057
1030995319,Rosa_maximowicziana,40.573023,124.03631
1697262634,Rosa_maximowicziana,43.098131,131.491836
1989713690,Rosa_maximowicziana,40.283606,125.566942
1989713681,Rosa_maximowicziana,39.147725,127.446422
2005766501,Rosa_maximowicziana,38.842918,126.117848
2005766555,Rosa_maximowicziana,39.147502,127.445655
2005769069,Rosa_maximowicziana,39.15278,127.44361
2005766523,Rosa_maximowicziana,39.03887,127.453388
