gbif_id,taxon_name,decimal_latitude,decimal_longitude
2305938965,Cutandia_memphitica,26.17,50.49
1697764916,Cutandia_memphitica,40.167462,49.470663
1701806374,Cutandia_memphitica,29.0011,-13.6133
1798977349,Cutandia_memphitica,39.526813,56.278013
1798977312,Cutandia_memphitica,36.136689,62.670739
1798977329,Cutandia_memphitica,39.689379,55.561895
1842868671,Cutandia_memphitica,37.09,-2.27
1697764882,Cutandia_memphitica,38.787703,48.835738
1842853485,Cutandia_memphitica,30.42,-9.57
