gbif_id,taxon_name,decimal_latitude,decimal_longitude
1438002515,Festuca_contracta,-49.28917,70.05
607518108,Festuca_contracta,-49.26917,70.04639
607518110,Festuca_contracta,-49.48444,69.89556
607518109,Festuca_contracta,-49.48111,69.81667
121516283,Festuca_contracta,-49.47,69.93
993492257,Festuca_contracta,-49.3333,70.3333
994522555,Festuca_contracta,-49.33296,70.3345
442681554,Festuca_contracta,-49.01737,69.28661
442658451,Festuca_contracta,-49.525,70.2625
442618691,Festuca_contracta,-49.28793,69.68745
442639556,Festuca_contracta,-49.55072,69.81842
474763933,Festuca_contracta,-49.36404,70.07855
442628160,Festuca_contracta,-49.46667,69.9
442640054,Festuca_contracta,-49.35361,70.03944
442681683,Festuca_contracta,-49.3261,70.22331
442639555,Festuca_contracta,-49.32142,70.44164
464835051,Festuca_contracta,-49.50355,70.20477
442627428,Festuca_contracta,-49.50296,70.2031
442627235,Festuca_contracta,-49.66348,69.95194
442617664,Festuca_contracta,-49.60111,69.89903
442666911,Festuca_contracta,-49.58367,69.88265
