gbif_id,taxon_name,decimal_longitude,decimal_latitude
1320174062,Secale_vavilovii,30.0006,36.5883
620620990,Secale_vavilovii,45.49905,39.6835
893487849,Secale_vavilovii,43.799999,40.366669
1848996238,Secale_vavilovii,43.8,40.36667
1848996229,Secale_vavilovii,44.75,40.11667
317826239,Secale_vavilovii,43.8,40.37
893487902,Secale_vavilovii,44.75,40.116669
1318575285,Secale_vavilovii,32.18,40.058
1937487436,Secale_vavilovii,46.022778,38.909722
