gbif_id,taxon_name,decimal_latitude,decimal_longitude
1701527283,Helianthemum_oelandicum,41.61083,1.82194
1701527172,Helianthemum_oelandicum,41.60167,1.80806
876154089,Helianthemum_oelandicum,42.617,-0.32825
1571768748,Helianthemum_oelandicum,42.9668810423068,-0.758203727343861
1701526267,Helianthemum_oelandicum,42.47333,13.00583
1701526235,Helianthemum_oelandicum,42.38306,13.20444
1701522789,Helianthemum_oelandicum,41.83778,13.33556
234924884,Helianthemum_oelandicum,44.069,7.51905
317820580,Helianthemum_oelandicum,42.280237,2.016126
895227828,Helianthemum_oelandicum,40.756,-1.644
85242931,Helianthemum_oelandicum,42.3498,2.354283
1936624029,Helianthemum_oelandicum,42.5564,1.6169
860317981,Helianthemum_oelandicum,41.94,0.77
860317989,Helianthemum_oelandicum,42.03,0.89
30965859,Helianthemum_oelandicum,42.38,-0.39
860320461,Helianthemum_oelandicum,36.71,-5.18
2307192295,Helianthemum_oelandicum,51.57,-4.03
1842886029,Helianthemum_oelandicum,42.05,2.82
1978788396,Helianthemum_oelandicum,47.123611,12.831111
1842902471,Helianthemum_oelandicum,41.32,1.98
1705360463,Helianthemum_oelandicum,56.805334,14.037221
1699353149,Helianthemum_oelandicum,46.386111,7.128889
1999630914,Helianthemum_oelandicum,59.960838,23.505513
804497,Helianthemum_oelandicum,58.550794,13.082654
1842847651,Helianthemum_oelandicum,41.59,1.98
1842847565,Helianthemum_oelandicum,41.41,2.22
