decimal_latitude,decimal_longitude,taxon_name,gbif_id
32.75111,-17.1075,Plantago_arborescens,1848990365
32.7522,-17.1242,Plantago_arborescens,1936245036
28.548,-16.201,Plantago_arborescens,895315072
28.05,-15.59,Plantago_arborescens,1702507145
28.065,-15.585,Plantago_arborescens,1851371915
28.06,-15.58,Plantago_arborescens,1851577472
28.300278,-16.524167,Plantago_arborescens,1434676482
32.8088954355206,-17.2496346847713,Plantago_arborescens,1265138346
28.519444,-16.295556,Plantago_arborescens,1937489186
