gbif_id,taxon_name,decimal_longitude,decimal_latitude
1978367512,Suaeda_physophora,46.016667,49.421389
1697479899,Suaeda_physophora,45.320369,51.924975
1697479961,Suaeda_physophora,46.845229,49.127244
1697479883,Suaeda_physophora,46.805657,49.123931
1697479957,Suaeda_physophora,46.88753,48.201701
1030827608,Suaeda_physophora,98.496466,39.733693
1030827983,Suaeda_physophora,87.605163,43.810314
1697479963,Suaeda_physophora,44.867907,47.697141
