gbif_id,taxon_name,decimal_latitude,decimal_longitude
2269040856,Silene_fruticosa,37.853743,15.284307
1671668710,Silene_fruticosa,37.642357,13.688632
895153582,Silene_fruticosa,38.1,12.65
1839077804,Silene_fruticosa,36.883331,22.225
788579466,Silene_fruticosa,36.866667,22.25
788579233,Silene_fruticosa,36.616667,22.383333
