gbif_id,taxon_name,decimal_latitude,decimal_longitude
438152285,Albizia_myriophylla,13.42944,103.76361
574866853,Albizia_myriophylla,12.261944,106.924444
2290406069,Albizia_myriophylla,11.601667,99.561667
2289181903,Albizia_myriophylla,19.35,101.77
2289591992,Albizia_myriophylla,14.850667,105.814833
437118506,Albizia_myriophylla,14.85111,105.82472
1697857081,Albizia_myriophylla,11.272854,107.122463
2290463010,Albizia_myriophylla,9.25,98.333333
