gbif_id,taxon_name,decimal_latitude,decimal_longitude
1831401654,Cynometra_megalophylla,7.115727,-6.966379
2252218403,Cynometra_megalophylla,7.08438,-1.08026
1424795172,Cynometra_megalophylla,6.983333,2.45
1424794942,Cynometra_megalophylla,7.159667,2.070167
2288710124,Cynometra_megalophylla,7.166111,2.0725
2288777392,Cynometra_megalophylla,7.033333,1.916667
2288764527,Cynometra_megalophylla,7.75,2.45
2291932185,Cynometra_megalophylla,7.138333,-5.933333
1024637080,Cynometra_megalophylla,5.833333,0.201944
2290714910,Cynometra_megalophylla,6.95,2.116667
2289634454,Cynometra_megalophylla,8.558333,1.955
2288754925,Cynometra_megalophylla,7.083333,-5.883333
2290665245,Cynometra_megalophylla,5.833333,0.211667
1261886701,Cynometra_megalophylla,4.89333,-1.835
2288873214,Cynometra_megalophylla,4.893333,-1.835
1261889638,Cynometra_megalophylla,5.16666,-2.66666
2234859856,Cynometra_megalophylla,6.216667,-5.016667
1945000457,Cynometra_megalophylla,7.397228,3.52562
2288681134,Cynometra_megalophylla,7.416667,3.533333
1844889681,Cynometra_megalophylla,5.717971,-7.403381
1949704488,Cynometra_megalophylla,7.416667,3.333333
1844889653,Cynometra_megalophylla,6.23238,-4.98987
2289571514,Cynometra_megalophylla,9.116667,-3.85
621129857,Cynometra_megalophylla,6.39,-0.21
2252218277,Cynometra_megalophylla,6.39,0.21
1844889731,Cynometra_megalophylla,6.73832,-6.95732
621165946,Cynometra_megalophylla,7.45,-0.59
1844889655,Cynometra_megalophylla,7.67133,-5.57393
1844889668,Cynometra_megalophylla,5.804204,-6.629836
621165948,Cynometra_megalophylla,6.38,-0.17
1844889732,Cynometra_megalophylla,4.94947,-6.09352
621165951,Cynometra_megalophylla,7.28,-0.22
621165952,Cynometra_megalophylla,7.37,0.19
621165955,Cynometra_megalophylla,5.01,-1.37
