gbif_id,taxon_name,decimal_latitude,decimal_longitude
2005117137,Oxytropis_aciphylla,49.400733,90.91345
2013949504,Oxytropis_aciphylla,47.98333,91.46667
2013949507,Oxytropis_aciphylla,47.98333,91.63333
2013949536,Oxytropis_aciphylla,46.91667,92.45
615362554,Oxytropis_aciphylla,36.67,99.33
1030785971,Oxytropis_aciphylla,37.87887,106.62913
1303786860,Oxytropis_aciphylla,37.491511,105.685269
1303786876,Oxytropis_aciphylla,35.677884,102.475158
1303786859,Oxytropis_aciphylla,36.075898,103.757243
