gbif_id,taxon_name,decimal_latitude,decimal_longitude
1946172065,Pictetia_aculeata,18.08595,-66.233383
2270505324,Pictetia_aculeata,18.086,-66.2334
1928020943,Pictetia_aculeata,17.979175,-66.701553
1319518493,Pictetia_aculeata,17.9792,-66.7016
1928506352,Pictetia_aculeata,18.077683,-66.26593
1929343988,Pictetia_aculeata,18.069792,-66.259775
1928001856,Pictetia_aculeata,17.96815,-66.86336
1319533793,Pictetia_aculeata,17.9708,-66.8625
1928409559,Pictetia_aculeata,18.023836,-66.127194
1928443887,Pictetia_aculeata,17.992613,-66.387173
1930109492,Pictetia_aculeata,18.02172,-66.84244
1931187719,Pictetia_aculeata,18.038,-66.3742
1930957810,Pictetia_aculeata,18.117873,-66.266117
1927899263,Pictetia_aculeata,18.0825,-66.35444
1928480884,Pictetia_aculeata,17.96206,-67.18518
1929947637,Pictetia_aculeata,17.9785,-66.91563
1930911244,Pictetia_aculeata,18.14,-66.266111
1929004821,Pictetia_aculeata,17.99593,-66.62082
