gbif_id,taxon_name,decimal_latitude,decimal_longitude
2242354642,Coccoloba_pubescens,39.732207,-104.961468
1585297861,Coccoloba_pubescens,13.67222,-89.25
1319089033,Coccoloba_pubescens,13.225,-59.5819
1258117592,Coccoloba_pubescens,25.675,-80.2683
1457784291,Coccoloba_pubescens,25.675,-80.268333
1258021127,Coccoloba_pubescens,38.614167,-90.259167
1585295995,Coccoloba_pubescens,13.66667,-89.25
2284188995,Coccoloba_pubescens,18.0806,-67.8992
1929192903,Coccoloba_pubescens,18.080556,-67.899167
1457758455,Coccoloba_pubescens,15.526667,-61.464
2270529347,Coccoloba_pubescens,-25.9,-48.5667
1318638212,Coccoloba_pubescens,18.3328,-66.7178
1260523556,Coccoloba_pubescens,18.8,-70.03333
1931350448,Coccoloba_pubescens,-25.35,-49.07
1318415028,Coccoloba_pubescens,18.48,-69.97
1929146483,Coccoloba_pubescens,19,-71
1318739035,Coccoloba_pubescens,17.77,-71.57
1261454164,Coccoloba_pubescens,18.33333,-66.7
122927835,Coccoloba_pubescens,17.608333,-71.516667
1259653551,Coccoloba_pubescens,17.6,-71.516667
1930990853,Coccoloba_pubescens,19.57,-72.23
1928245940,Coccoloba_pubescens,18.02,-42
1931365671,Coccoloba_pubescens,18.35,-69.03
153274422,Coccoloba_pubescens,18.483333,-69.966667
1260726404,Coccoloba_pubescens,18.65,-69.96666
122927748,Coccoloba_pubescens,18.65,-69.966667
1260726399,Coccoloba_pubescens,18.48333,-69.96666
1260726410,Coccoloba_pubescens,18.35,-69.016667
1930338600,Coccoloba_pubescens,18.65,-69.97
122927694,Coccoloba_pubescens,18.841667,-69.55
1260726478,Coccoloba_pubescens,18.85,-69.55
1321738141,Coccoloba_pubescens,18.8417,-69.55
1929981089,Coccoloba_pubescens,19.72,-70.62
122927755,Coccoloba_pubescens,19.716667,-70.616667
1930118180,Coccoloba_pubescens,18.48,-69.78
1259653848,Coccoloba_pubescens,18.48333,-69.78333
1260726455,Coccoloba_pubescens,19.71666,-70.61666
1259652965,Coccoloba_pubescens,18.68333,-70.05
1931236409,Coccoloba_pubescens,18.68,-70.05
1929721280,Coccoloba_pubescens,18.826818,-69.638007
1321333214,Coccoloba_pubescens,15.4199,-61.4295
1929427433,Coccoloba_pubescens,-25.347215,-48.909237
1931204419,Coccoloba_pubescens,-25.3096815995346,-49.0558815092544
1322221736,Coccoloba_pubescens,15.5913,-61.3765
1321188429,Coccoloba_pubescens,15.65,-61.4917
1931274960,Coccoloba_pubescens,-26.0307923106657,-48.8552709520685
1259655328,Coccoloba_pubescens,17.03333,-61.81666
