taxon_name,gbif_id,decimal_longitude,decimal_latitude
Alyssum_dasycarpum,1799007725,51.970556,48.531389
Alyssum_dasycarpum,1697792252,43.876466,40.383792
Alyssum_dasycarpum,575184545,49.666667,36.166667
Alyssum_dasycarpum,575067805,51.416667,32.533333
Alyssum_dasycarpum,1697792326,45.44632,39.021584
Alyssum_dasycarpum,1697792398,45.411301,39.209645
Alyssum_dasycarpum,1697792353,45.276375,39.203526
