gbif_id,taxon_name,decimal_latitude,decimal_longitude
2290617898,Brassica_balearica,39.827803,2.835294
1265137107,Brassica_balearica,39.8071638894557,2.79448824553656
164162956,Brassica_balearica,39.75,2.65
1936542769,Brassica_balearica,39.8111,2.8587
1265137055,Brassica_balearica,39.8116368109479,2.7769498079556
1936374994,Brassica_balearica,39.7298,2.7305
111303124,Brassica_balearica,39.799999,2.82
30851096,Brassica_balearica,39.75,2.77
1936088608,Brassica_balearica,39.7929,2.7653
30851041,Brassica_balearica,39.720001,0.43
788505820,Brassica_balearica,39.615833,2.956389
31968897,Brassica_balearica,39.740002,2.67
1935908702,Brassica_balearica,39.800611,2.811978
1935908464,Brassica_balearica,39.7658,2.742
