taxon_name,gbif_id,decimal_longitude,decimal_latitude
Crambe_strigosa,30859472,-16.23,28.469999
Crambe_strigosa,30858822,-15.81,27.84
Crambe_strigosa,1851583998,-16.18,28.52
Crambe_strigosa,1947413379,-16.713333,28.126667
Crambe_strigosa,2291951612,-17.166667,28.083333
Crambe_strigosa,2289491125,-17.116667,28.133333
Crambe_strigosa,2290085918,-17.166667,28.1
