decimal_longitude,decimal_latitude,gbif_id,taxon_name
115.434444,39.955,1998820280,Erysimum_perofskianum
-76.969556,38.911386,1930947693,Erysimum_perofskianum
-74.201256,40.846211,1930433442,Erysimum_perofskianum
103.891767,36.519977,1055536741,Erysimum_perofskianum
108.861296,35.157691,1056478062,Erysimum_perofskianum
116.360506,40.172397,1056155876,Erysimum_perofskianum
