gbif_id,taxon_name,decimal_latitude,decimal_longitude
1846486964,Matthiola_parviflora,33.587027,-112.49927
1846554930,Matthiola_parviflora,33.882517,-111.957
1846555524,Matthiola_parviflora,33.876683,-111.974433
2270483283,Matthiola_parviflora,33.7719299991277,-112.00015
1846510642,Matthiola_parviflora,33.832858,-112.001075
30670503,Matthiola_parviflora,37.092,-2.083
2289267493,Matthiola_parviflora,31.583333,-8.966667
29698222,Matthiola_parviflora,37.88,-0.67
29698223,Matthiola_parviflora,37.88,-0.78
1099890348,Matthiola_parviflora,57.72174,11.97069
