gbif_id,taxon_name,decimal_latitude,decimal_longitude
1258035697,Centaurea_spinosa,35.350556,24.341667
1842881592,Centaurea_spinosa,35.5385,23.7839
1842881653,Centaurea_spinosa,35.3504,24.3389
1638534232,Centaurea_spinosa,35.283333,25.466667
1638533900,Centaurea_spinosa,35.333333,25.25
