gbif_id,taxon_name,decimal_latitude,decimal_longitude
1265826884,Constancea_nevinii,34.113114,-117.713927
2270188856,Constancea_nevinii,33.3923,-118.4512
1929241609,Constancea_nevinii,33.32,-118.33
1261296198,Constancea_nevinii,33.342,-118.3261
1426393798,Constancea_nevinii,32.991667,-118.538333
1426393763,Constancea_nevinii,32.901667,-118.52
