gbif_id,taxon_name,decimal_latitude,decimal_longitude
1895670918,Coreocarpus_dissectus,25.12825,-112.149056
1895670876,Coreocarpus_dissectus,24.6675,-111.714417
1894823841,Coreocarpus_dissectus,23.525,-109.925
1894823805,Coreocarpus_dissectus,24.525,-111.525
1895420284,Coreocarpus_dissectus,25.833333,-111.4
1895420244,Coreocarpus_dissectus,27.308333,-112.855556
1455940395,Coreocarpus_dissectus,25.05,-110.95
1893414685,Coreocarpus_dissectus,24.825,-110.741667
1895420158,Coreocarpus_dissectus,25.976353,-111.477958
1895420163,Coreocarpus_dissectus,25.8,-111.366667
1456345600,Coreocarpus_dissectus,26.05,-111.58
1893414673,Coreocarpus_dissectus,26.058333,-111.591667
1456403632,Coreocarpus_dissectus,25.12,-110.95
1930405153,Coreocarpus_dissectus,25.78,-111.35
1895420113,Coreocarpus_dissectus,25.783333,-111.35
1893414639,Coreocarpus_dissectus,25.958333,-111.491667
1456397041,Coreocarpus_dissectus,25.9,-111.408
1456018378,Coreocarpus_dissectus,25.975,-111.47
1893414661,Coreocarpus_dissectus,25.975,-111.475
1895420233,Coreocarpus_dissectus,25.966667,-111.466667
1456294646,Coreocarpus_dissectus,25.72,-111.33
1894068049,Coreocarpus_dissectus,27.5368056320577,-114.743385967398
