gbif_id,taxon_name,decimal_latitude,decimal_longitude
2269394225,Haplopappus_glutinosus,-33.304556,-70.997389
2269394264,Haplopappus_glutinosus,-33.303194,-70.995722
1581881256,Haplopappus_glutinosus,-39.176389,-71.852778
890175928,Haplopappus_glutinosus,-36.915833,-71.508333
575299887,Haplopappus_glutinosus,-32.666389,-70.523611
1257951314,Haplopappus_glutinosus,-32.855556,-70.138889
575181139,Haplopappus_glutinosus,-37.37,-71.349722
2269394100,Haplopappus_glutinosus,-33.096033,-70.570361
575309276,Haplopappus_glutinosus,-36.886389,-71.467222
1456402779,Haplopappus_glutinosus,-39.694,-70.9976
1456166500,Haplopappus_glutinosus,-39.1379,-71.1827
1456350371,Haplopappus_glutinosus,-41.8528,-71.624
1936639833,Haplopappus_glutinosus,-36.9,-73.1333
575030571,Haplopappus_glutinosus,-39.266667,-71.883333
1319350803,Haplopappus_glutinosus,28.05,-100.47
2270481217,Haplopappus_glutinosus,-33.577218,-70.355842
2242400034,Haplopappus_glutinosus,39.732207,-104.961468
2270480447,Haplopappus_glutinosus,-37.331656,-71.674577
2270478934,Haplopappus_glutinosus,-37.666597,-71.855111
2270479860,Haplopappus_glutinosus,-36.917618,-71.443325
2270480115,Haplopappus_glutinosus,-37.382859,-71.375253
2270482681,Haplopappus_glutinosus,-37.333333,-71.516667
2270479899,Haplopappus_glutinosus,-37.667798,-72.0167
1936620344,Haplopappus_glutinosus,-37.3333,-71.6833
1936639732,Haplopappus_glutinosus,-37.4,-71.3667
1936640022,Haplopappus_glutinosus,-45.5667,-72.0667
2287725737,Haplopappus_glutinosus,-41,-71.5
