gbif_id,taxon_name,decimal_latitude,decimal_longitude
1265826900,Leptosyne_gigantea,34.113114,-117.713927
2270252964,Leptosyne_gigantea,34.79837,-120.57828
2270185089,Leptosyne_gigantea,34.6900999991167,-120.6004
2270185295,Leptosyne_gigantea,34.7739999991157,-120.5724
1928514947,Leptosyne_gigantea,33.83,-116.67
2270184293,Leptosyne_gigantea,35.0299999991128,-120.6175
2270276154,Leptosyne_gigantea,34.156593,-119.01248
2270184093,Leptosyne_gigantea,33.941536,-118.437675
1500199272,Leptosyne_gigantea,33.933333,-118.433333
2270183349,Leptosyne_gigantea,34.9062999991142,-120.662
2270700172,Leptosyne_gigantea,34.1575,-119.02361
415904989,Leptosyne_gigantea,34.12027,-118.93166
2270257987,Leptosyne_gigantea,34.498506,-117.750172
2270259249,Leptosyne_gigantea,34.6844999991167,-120.6025
1426154915,Leptosyne_gigantea,34.18708,-119.180344
2270185845,Leptosyne_gigantea,34.096899,-119.062051
