decimal_latitude,decimal_longitude,taxon_name,gbif_id
29.01,71.16,Oligochaeta_ramosa,2308063854
28.57,71.96,Oligochaeta_ramosa,2306762910
30.439423,67.311417,Oligochaeta_ramosa,1988047702
30.362954,66.939039,Oligochaeta_ramosa,1988047709
41.64444,43.597527,Oligochaeta_ramosa,1697847538
38.933375,46.000958,Oligochaeta_ramosa,1697847509
38.955464,45.628377,Oligochaeta_ramosa,1697847516
39.209645,45.411301,Oligochaeta_ramosa,1697847522
40.165429,44.411202,Oligochaeta_ramosa,1697847510
