decimal_longitude,decimal_latitude,taxon_name,gbif_id
-69.1844,-55.02064,Senecio_smithii,1931177366
-3.316667,59.130556,Senecio_smithii,574909124
-67.63,-54.78,Senecio_smithii,1563239039
-67.63333,-54.78333,Senecio_smithii,1259644747
-73.416667,-40.183333,Senecio_smithii,574788484
-1.96423,57.38248,Senecio_smithii,1513159634
-64.133333,-54.65,Senecio_smithii,575245502
-73.046389,-41.233333,Senecio_smithii,684166598
