gbif_id,taxon_name,decimal_latitude,decimal_longitude
1936244776,Tolpis_succulenta,32.6889,-17.0667
1701551117,Tolpis_succulenta,32.865,-17.16667
1936243713,Tolpis_succulenta,32.8717,-17.1639
1056348536,Tolpis_succulenta,36.94472,-25.15006
1057125297,Tolpis_succulenta,36.92867,-25.01739
1057530393,Tolpis_succulenta,36.98547,-25.05203
1936675495,Tolpis_succulenta,32.5142,-16.5092
1936675285,Tolpis_succulenta,33.0494,-16.3681
318126648,Tolpis_succulenta,32.5,-16.5
895208829,Tolpis_succulenta,32,-16
318126647,Tolpis_succulenta,33.04,-16.36
1936692792,Tolpis_succulenta,32.81,-17.0603
1936691974,Tolpis_succulenta,32.7753,-16.8206
1851387065,Tolpis_succulenta,32.73,-16.75
85257918,Tolpis_succulenta,32.733333,-16.75
1400751,Tolpis_succulenta,16,32
1265654344,Tolpis_succulenta,31.562553,-16.239925
1265654340,Tolpis_succulenta,28.2789,-16.8017
2287247889,Tolpis_succulenta,32.85,-17.166667
1265654331,Tolpis_succulenta,38.454903,-27.946472
