gbif_id,taxon_name,decimal_longitude,decimal_latitude
1846491909,Xylorhiza_orcuttii,-116.152361,33.282917
1426409314,Xylorhiza_orcuttii,-116.07,33.27
1846504701,Xylorhiza_orcuttii,-116.080278,33.279167
1846501215,Xylorhiza_orcuttii,-111.748582,38.807822
2270508406,Xylorhiza_orcuttii,-115.512743,32.403951
1846501179,Xylorhiza_orcuttii,-115.5,32.416667
1426409376,Xylorhiza_orcuttii,-116.08406,33.28919
2242397687,Xylorhiza_orcuttii,-114.864841,33.209456
