gbif_id,taxon_name,decimal_latitude,decimal_longitude
1848995165,Scrophularia_deserti,29.48389,35.19667
893354172,Scrophularia_deserti,29.100278,46.647222
893357885,Scrophularia_deserti,29.574722,48.172222
773940610,Scrophularia_deserti,28.548056,48.384444
1848993792,Scrophularia_deserti,28.43889,34.43083
1848994118,Scrophularia_deserti,28.43917,34.42333
1848994199,Scrophularia_deserti,28.43889,34.43
1848994873,Scrophularia_deserti,29.48583,35.19944
890165544,Scrophularia_deserti,29.583333,48.083333
