gbif_id,taxon_name,decimal_latitude,decimal_longitude
1897829652,Daucus_decipiens,-37.011389,174.904167
1249186211,Daucus_decipiens,-37.828333,144.981389
994569199,Daucus_decipiens,-42.56528,147.8677
1897797348,Daucus_decipiens,-36.723889,174.750833
1697712769,Daucus_decipiens,32.65,-16.95
1897783600,Daucus_decipiens,-43.950727,-176.483762
1897778974,Daucus_decipiens,-35.234722,173.954722
1091227345,Daucus_decipiens,-39.916666,175.071666
1091175150,Daucus_decipiens,-39.916666,175.03
1897731794,Daucus_decipiens,-36.783333,174.533333
1897616143,Daucus_decipiens,-38.5,174.033333
1897683460,Daucus_decipiens,-36.9,174.75
1897731560,Daucus_decipiens,-35.916667,173.916667
994581821,Daucus_decipiens,-42.8,147.2
1897727454,Daucus_decipiens,-36.933333,174.6
1897638830,Daucus_decipiens,-36.866667,174.816667
1897742936,Daucus_decipiens,-36.733333,174.75
1897715151,Daucus_decipiens,-36.833333,174.85
1897655164,Daucus_decipiens,-36.833333,174.816667
1897642307,Daucus_decipiens,-36.85,174.833333
1091216388,Daucus_decipiens,-36.615,174.672
1897655305,Daucus_decipiens,-36.683333,175.116667
1897755275,Daucus_decipiens,-35.216667,174.333333
