gbif_id,taxon_name,decimal_latitude,decimal_longitude
2236127740,Euphorbia_celastroides,21.3039,-157.745
1322681330,Euphorbia_celastroides,22.0015,-159.356
1260875548,Euphorbia_celastroides,22.148889,-159.641111
1090305272,Euphorbia_celastroides,22.1164,-159.669
1090183419,Euphorbia_celastroides,22.0667,-159.767
35918940,Euphorbia_celastroides,20.6249,-156.21
1322217753,Euphorbia_celastroides,21.1153,-156.93
35917282,Euphorbia_celastroides,22.1667,-159.667
35916548,Euphorbia_celastroides,19.95,-155.633
35916938,Euphorbia_celastroides,22.0833,-159.733
1929805902,Euphorbia_celastroides,21.575,-158.27
35919214,Euphorbia_celastroides,20.6333,-156.317
2291602868,Euphorbia_celastroides,21.575,-158.266667
35919504,Euphorbia_celastroides,21.575,-158.267
1228222545,Euphorbia_celastroides,21.4333,-157.9667
1897827884,Euphorbia_celastroides,22.112778,-159.619722
1929050305,Euphorbia_celastroides,20.977222,-156.565
1144676281,Euphorbia_celastroides,19.69,-155.53
1897828232,Euphorbia_celastroides,21.475111,-158.113722
1897828307,Euphorbia_celastroides,21.301944,-157.699444
2242404112,Euphorbia_celastroides,21.136389,-156.991111
