gbif_id,taxon_name,decimal_latitude,decimal_longitude
2292014538,Euphorbia_cuneata,4.773333,36.153333
1988752402,Euphorbia_cuneata,-3.59267,38.80777
1988725489,Euphorbia_cuneata,-4.25811,37.87445
1258050518,Euphorbia_cuneata,-4.14257,37.76525
2288303454,Euphorbia_cuneata,11.663333,40.935
623670445,Euphorbia_cuneata,-2.9976,36.729301
1258018405,Euphorbia_cuneata,-3.761944,35.964167
911788540,Euphorbia_cuneata,13.517222,45.96611
911788591,Euphorbia_cuneata,13.471666,45.908058
2288936879,Euphorbia_cuneata,11.883333,41.616667
2289411933,Euphorbia_cuneata,5.033333,40.733333
1258700973,Euphorbia_cuneata,-2.92388,36.70388
911788558,Euphorbia_cuneata,17.016666,54.766666
911788616,Euphorbia_cuneata,13.483334,45.766666
911788701,Euphorbia_cuneata,15.35,43.416668
1701520280,Euphorbia_cuneata,15.35,43.41667
1701520283,Euphorbia_cuneata,12.78333,45.03333
911788580,Euphorbia_cuneata,12.783334,45.033333
912214027,Euphorbia_cuneata,-6.12,36.43
912214035,Euphorbia_cuneata,-4.26,37.93
912214001,Euphorbia_cuneata,-4.17,38.17
1260386262,Euphorbia_cuneata,21.26666,39.68333
2289895286,Euphorbia_cuneata,-0.066667,38.65
912214031,Euphorbia_cuneata,-3.37,38.12
2291965132,Euphorbia_cuneata,4.75,46.583333
912228077,Euphorbia_cuneata,3.53,35.38
912214061,Euphorbia_cuneata,-2.98,35.95
912214023,Euphorbia_cuneata,-3.82,36.08
912214007,Euphorbia_cuneata,-3.73,39.05
912214042,Euphorbia_cuneata,-2.87,36.71
912214011,Euphorbia_cuneata,-1.83,36.17
912214037,Euphorbia_cuneata,-3.38,38.06
912214043,Euphorbia_cuneata,-2.68,38.17
436993217,Euphorbia_cuneata,11.26667,42.03333
912213967,Euphorbia_cuneata,-3.77,39.28
912213992,Euphorbia_cuneata,-1.62,36.03
912213996,Euphorbia_cuneata,-2.33,36.17
912214053,Euphorbia_cuneata,-4.58,38.08
912213973,Euphorbia_cuneata,-2.43,38.02
912214032,Euphorbia_cuneata,-2.73,36.68
912214020,Euphorbia_cuneata,-2.22,35.25
912214041,Euphorbia_cuneata,-4.25,37.83
