taxon_name,gbif_id,decimal_latitude,decimal_longitude
Euphorbia_villosa,1212095298,39.436389,21.744167
Euphorbia_villosa,1340038386,38.833333,22.45
Euphorbia_villosa,2028546796,42.08,2.68
Euphorbia_villosa,1056849141,47.19387,28.47393
Euphorbia_villosa,1705482386,49.5955,17.2573
Euphorbia_villosa,1705482680,48.4147,21.7807
Euphorbia_villosa,1705487236,48.9408,16.7375
Euphorbia_villosa,1056876869,54.311454,-0.985771
Euphorbia_villosa,1056359830,51.268943,-0.371775
